<?xml version="1.0" encoding="UTF-8"?>
<project-private xmlns="http://www.netbeans.org/ns/project-private/1">
    <editor-bookmarks xmlns="http://www.netbeans.org/ns/editor-bookmarks/2" lastBookmarkId="1">
        <file>
            <url>src/java/com/medic/dao/patient/PatientImplDao.java</url>
            <bookmark id="1">
                <name/>
                <line>0</line>
                <key/>
            </bookmark>
        </file>
    </editor-bookmarks>
    <open-files xmlns="http://www.netbeans.org/ns/projectui-open-files/2">
        <group>
            <file>file:/C:/Users/amirh/OneDrive/Desktop/web2/projet.3/priserendezvousmedicalhundleyjean-gabrielvictorrabbi-main/Projet%20Netbeans/web/Medecin.jsp</file>
            <file>file:/C:/Users/amirh/OneDrive/Desktop/web2/projet.3/priserendezvousmedicalhundleyjean-gabrielvictorrabbi-main/Projet%20Netbeans/web/WEB-INF/web.xml</file>
            <file>file:/C:/Users/amirh/OneDrive/Desktop/web2/projet.3/priserendezvousmedicalhundleyjean-gabrielvictorrabbi-main/Projet%20Netbeans/src/java/com/medic/controller/InscriptionController.java</file>
            <file>file:/C:/Users/amirh/OneDrive/Desktop/web2/projet.3/priserendezvousmedicalhundleyjean-gabrielvictorrabbi-main/Projet%20Netbeans/src/java/com/medic/dao/patient/PatientDao.java</file>
            <file>file:/C:/Users/amirh/OneDrive/Desktop/web2/projet.3/priserendezvousmedicalhundleyjean-gabrielvictorrabbi-main/Projet%20Netbeans/src/java/com/medic/dao/patient/PatientImplDao.java</file>
            <file>file:/C:/Users/amirh/OneDrive/Desktop/web2/projet.3/priserendezvousmedicalhundleyjean-gabrielvictorrabbi-main/Projet%20Netbeans/src/java/com/medic/config/ConfigBD.java</file>
            <file>file:/C:/Users/amirh/OneDrive/Desktop/web2/projet.3/priserendezvousmedicalhundleyjean-gabrielvictorrabbi-main/Projet%20Netbeans/src/java/com/medic/service/PatientService.java</file>
            <file>file:/C:/Users/amirh/OneDrive/Desktop/web2/projet.3/priserendezvousmedicalhundleyjean-gabrielvictorrabbi-main/Projet%20Netbeans/web/Patient.jsp</file>
            <file>file:/C:/Users/amirh/OneDrive/Desktop/web2/projet.3/priserendezvousmedicalhundleyjean-gabrielvictorrabbi-main/Projet%20Netbeans/src/java/com/medic/controller/PatientControlleur.java</file>
        </group>
    </open-files>
</project-private>
